1,a
2,b
3,c
4,d
5,e
6,f
7,g
8,h
9,i
10,j
11,k
12,l
13,m
14,n
15,o
16,p
17,q
18,r
19,s
20,t
21,u
22,v
23,w
24,x
25,y
26,z
27,a
28,b
29,c
30,d
31,e
32,f
33,g
34,h
35,i
36,j
37,k
38,l
39,m
40,n
41,o
42,p
43,q
44,r
45,s
46,t
47,u
48,v
49,w
50,x
51,y
52,z
53,a
54,b
55,c
56,d
57,e
58,f
59,g
60,h
61,i
62,j
63,k
64,l
65,m
66,n
67,o
68,p
69,q
70,r
71,s
72,t
73,u
74,v
75,w
76,x
77,y
78,z
79,a
80,b
81,c
82,d
83,e
84,f
85,g
86,h
87,i
88,j
89,k
90,l
91,m
92,n
93,o
94,p
95,q
96,r
97,s
98,t
99,u
100,v
101,w
102,x
103,y
104,z
105,a
106,b
107,c
108,d
109,e
110,f
111,g
112,h
113,i
114,j
115,k
116,l
117,m
118,n
119,o
120,p
121,q
122,r
123,s
124,t
125,u
126,v
127,w
128,x
129,y
130,z
131,a
132,b
133,c
134,d
135,e
136,f
137,g
138,h
139,i
140,j
141,k
142,l
143,m
144,n
145,o
146,p
147,q
148,r
149,s
150,t
151,u
152,v
153,w
154,x
155,y
156,z
157,a
158,b
159,c
160,d
161,e
162,f
163,g
164,h
165,i
166,j
167,k
168,l
169,m
170,n
171,o
172,p
173,q
174,r
175,s
176,t
177,u
178,v
179,w
180,x
181,y
182,z
183,a
184,b
185,c
186,d
187,e
188,f
189,g
190,h
191,i
192,j
193,k
194,l
195,m
196,n
197,o
198,p
199,q
200,r
201,s
202,t
203,u
204,v
205,w
206,x
207,y
208,z
209,a
210,b
211,c
212,d
213,e
214,f
215,g
216,h
217,i
218,j
219,k
220,l
221,m
222,n
223,o
224,p
225,q
226,r
227,s
228,t
229,u
230,v
231,w
232,x
233,y
234,z
235,a
236,b
237,c
238,d
239,e
240,f
241,g
242,h
243,i
244,j
245,k
246,l
247,m
248,n
249,o
250,p
251,q
252,r
253,s
254,t
255,u
256,v
257,w
258,x
259,y
260,z
261,a
262,b
263,c
264,d
265,e
266,f
267,g
268,h
269,i
270,j
271,k
272,l
273,m
274,n
275,o
276,p
277,q
278,r
279,s
280,t
281,u
282,v
283,w
284,x
285,y
286,z
287,a
288,b
289,c
290,d
291,e
292,f
293,g
294,h
295,i
296,j
297,k
298,l
299,m
300,n
301,o
302,p
303,q
304,r
305,s
306,t
307,u
308,v
309,w
310,x
311,y
312,z
313,a
314,b
315,c
316,d
317,e
318,f
319,g
320,h
321,i
322,j
323,k
324,l
325,m
326,n
327,o
328,p
329,q
330,r
331,s
332,t
333,u
334,v
335,w
336,x
337,y
338,z
339,a
340,b
341,c
342,d
343,e
344,f
345,g
346,h
347,i
348,j
349,k
350,l
351,m
352,n
353,o
354,p
355,q
356,r
357,s
358,t
359,u
360,v
361,w
362,x
363,y
364,z
365,a
366,b
367,c
368,d
369,e
370,f
371,g
372,h
373,i
374,j
375,k
376,l
377,m
378,n
379,o
380,p
381,q
382,r
383,s
384,t
385,u
386,v
387,w
388,x
389,y
390,z
391,a
392,b
393,c
394,d
395,e
396,f
397,g
398,h
399,i
400,j
401,k
402,l
403,m
404,n
405,o
406,p
407,q
408,r
409,s
410,t
411,u
412,v
413,w
414,x
415,y
416,z
417,a
418,b
419,c
420,d
421,e
422,f
423,g
424,h
425,i
426,j
427,k
428,l
429,m
430,n
431,o
432,p
433,q
434,r
435,s
436,t
437,u
438,v
439,w
440,x
441,y
442,z
443,a
444,b
445,c
446,d
447,e
448,f
449,g
450,h
451,i
452,j
453,k
454,l
455,m
456,n
457,o
458,p
459,q
460,r
461,s
462,t
463,u
464,v
465,w
466,x
467,y
468,z
469,a
470,b
471,c
472,d
473,e
474,f
475,g
476,h
477,i
478,j
479,k
480,l
481,m
482,n
483,o
484,p
485,q
486,r
487,s
488,t
489,u
490,v
491,w
492,x
493,y
494,z
495,a
496,b
497,c
498,d
499,e
500,f
501,g
502,h
503,i
504,j
505,k
506,l
507,m
508,n
509,o
510,p
511,q
512,r
513,s
514,t
515,u
516,v
517,w
518,x
519,y
520,z
521,a
522,b
523,c
524,d
525,e
526,f
527,g
528,h
529,i
530,j
531,k
532,l
533,m
534,n
535,o
536,p
537,q
538,r
539,s
540,t
541,u
542,v
543,w
544,x
545,y
546,z
547,a
548,b
549,c
550,d
551,e
552,f
553,g
554,h
555,i
556,j
557,k
558,l
559,m
560,n
561,o
562,p
563,q
564,r
565,s
566,t
567,u
568,v
569,w
570,x
571,y
572,z
573,a
574,b
575,c
576,d
577,e
578,f
579,g
580,h
581,i
582,j
583,k
584,l
585,m
586,n
587,o
588,p
589,q
590,r
591,s
592,t
593,u
594,v
595,w
596,x
597,y
598,z
599,a
600,b
601,c
602,d
603,e
604,f
605,g
606,h
607,i
608,j
609,k
610,l
611,m
612,n
613,o
614,p
615,q
616,r
617,s
618,t
619,u
620,v
621,w
622,x
623,y
624,z
625,a
626,b
627,c
628,d
629,e
630,f
631,g
632,h
633,i
634,j
635,k
636,l
637,m
638,n
639,o
640,p
641,q
642,r
643,s
644,t
645,u
646,v
647,w
648,x
649,y
650,z
651,a
652,b
653,c
654,d
655,e
656,f
657,g
658,h
659,i
660,j
661,k
662,l
663,m
664,n
665,o
666,p
667,q
668,r
669,s
670,t
671,u
672,v
673,w
674,x
675,y
676,z
677,a
678,b
679,c
680,d
681,e
682,f
683,g
684,h
685,i
686,j
687,k
688,l
689,m
690,n
691,o
692,p
693,q
694,r
695,s
696,t
697,u
698,v
699,w
700,x
701,y
702,z
703,a
704,b
705,c
706,d
707,e
708,f
709,g
710,h
711,i
712,j
713,k
714,l
715,m
716,n
717,o
718,p
719,q
720,r
721,s
722,t
723,u
724,v
725,w
726,x
727,y
728,z
729,a
730,b
731,c
732,d
733,e
734,f
735,g
736,h
737,i
738,j
739,k
740,l
741,m
742,n
743,o
744,p
745,q
746,r
747,s
748,t
749,u
750,v
751,w
752,x
753,y
754,z
755,a
756,b
757,c
758,d
759,e
760,f
761,g
762,h
763,i
764,j
765,k
766,l
767,m
768,n
769,o
770,p
771,q
772,r
773,s
774,t
775,u
776,v
777,w
778,x
779,y
780,z
781,a
782,b
783,c
784,d
785,e
786,f
787,g
788,h
789,i
790,j
791,k
792,l
793,m
794,n
795,o
796,p
797,q
798,r
799,s
800,t
801,u
802,v
803,w
804,x
805,y
806,z
807,a
808,b
809,c
810,d
811,e
812,f
813,g
814,h
815,i
816,j
817,k
818,l
819,m
820,n
821,o
822,p
823,q
824,r
825,s
826,t
827,u
828,v
829,w
830,x
831,y
832,z
833,a
834,b
835,c
836,d
837,e
838,f
839,g
840,h
841,i
842,j
843,k
844,l
845,m
846,n
847,o
848,p
849,q
850,r
851,s
852,t
853,u
854,v
855,w
856,x
857,y
858,z
859,a
860,b
861,c
862,d
863,e
864,f
865,g
866,h
867,i
868,j
869,k
870,l
871,m
872,n
873,o
874,p
875,q
876,r
877,s
878,t
879,u
880,v
881,w
882,x
883,y
884,z
885,a
886,b
887,c
888,d
889,e
890,f
891,g
892,h
893,i
894,j
895,k
896,l
897,m
898,n
899,o
900,p
901,q
902,r
903,s
904,t
905,u
906,v
907,w
908,x
909,y
910,z
911,a
912,b
913,c
914,d
915,e
916,f
917,g
918,h
919,i
920,j
921,k
922,l
923,m
924,n
925,o
926,p
927,q
928,r
929,s
930,t
931,u
932,v
933,w
934,x
935,y
936,z
937,a
938,b
939,c
940,d
941,e
942,f
943,g
944,h
945,i
946,j
947,k
948,l
949,m
950,n
951,o
952,p
953,q
954,r
955,s
956,t
957,u
958,v
959,w
960,x
961,y
962,z
963,a
964,b
965,c
966,d
967,e
968,f
969,g
970,h
971,i
972,j
973,k
974,l
975,m
976,n
977,o
978,p
979,q
980,r
981,s
982,t
983,u
984,v
985,w
986,x
987,y
988,z
989,a
990,b
991,c
992,d
993,e
994,f
995,g
996,h
997,i
998,j
999,k
1000,l
